{
    "Voting_('xgboost', 'lightgbm')": {
        "accuracy": 0.9772080316374683,
        "precision": 0.8386806056236482,
        "recall": 0.9398101393657847,
        "f1": 0.886370130488618,
        "auc_roc": 0.9943309494661456
    },
    "Stacking_('xgboost', 'lightgbm')": {
        "accuracy": 0.9769214603671933,
        "precision": 0.8644595910418695,
        "recall": 0.8965865481720865,
        "f1": 0.8802300218124133,
        "auc_roc": 0.9943310687990109
    },
    "Voting_('xgboost', 'catboost')": {
        "accuracy": 0.9770742983780066,
        "precision": 0.8408141013992367,
        "recall": 0.9345586750151484,
        "f1": 0.8852114023340348,
        "auc_roc": 0.9943190332271794
    },
    "Stacking_('xgboost', 'catboost')": {
        "accuracy": 0.9767113081023251,
        "precision": 0.8624708624708625,
        "recall": 0.8967885275701878,
        "f1": 0.8792949797009605,
        "auc_roc": 0.994347404615877
    },
    "Voting_('lightgbm', 'catboost')": {
        "accuracy": 0.9771125078807099,
        "precision": 0.8403772900417196,
        "recall": 0.9357705514037569,
        "f1": 0.8855122324159022,
        "auc_roc": 0.9942987530329299
    },
    "Stacking_('lightgbm', 'catboost')": {
        "accuracy": 0.9766922033509734,
        "precision": 0.8635743519781719,
        "recall": 0.8949707129872753,
        "f1": 0.8789922634397936,
        "auc_roc": 0.994312058647398
    },
    "Voting_('xgboost', 'lightgbm', 'catboost')": {
        "accuracy": 0.9770551936266549,
        "precision": 0.8396739130434783,
        "recall": 0.9361745101999596,
        "f1": 0.8853022633941362,
        "auc_roc": 0.9943481504462844
    },
    "Stacking_('xgboost', 'lightgbm', 'catboost')": {
        "accuracy": 0.976940565118545,
        "precision": 0.8643441027637213,
        "recall": 0.8969905069682892,
        "f1": 0.88036475369214,
        "auc_roc": 0.9943436072736314
    }
}